L26_V339,2204
L26_V334,2780
L26_V160,4818
L26_V064,5120
L26_V332,3917
L26_V335,6384
L26_V313,6587
L26_V379,4792
L26_V458,6182
L26_V170,1789
L26_V070,6695
L26_V126,1614
L26_V218,5288
L26_V007,3452
L26_V086,5394
L26_V341,5718
L26_V011,5213
L26_V070,6631
L26_V077,4173
L26_V037,5562
L26_V213,4736
L26_V313,6586
L26_V077,4216
L26_V269,3544
L26_V239,5213
L26_V011,5265
L26_V176,1689
L26_V414,6547
L26_V415,2148
L26_V254,482
L26_V370,5693
L26_V037,5591
L26_V037,5563
L26_V456,5397
L26_V281,5673
L26_V040,3801
L26_V281,5326
L26_V077,4067
L26_V334,3474
L26_V340,6001
L26_V313,6598
L26_V470,4520
L26_V112,1832
L26_V312,2909
L26_V143,6329
L26_V347,5772
L26_V490,2659
L26_V203,4446
L26_V177,6087
L26_V433,5507
L26_V170,1792
L26_V476,6411
L26_V223,1718
L26_V083,5120
L26_V314,6272
L26_V214,6428
L26_V218,5317
L26_V297,2933
L26_V467,3502
L26_V171,4545
L26_V476,6324
L26_V037,5537
L26_V327,3840
L26_V437,2216
L26_V094,5288
L26_V440,5432
L26_V362,6012
L26_V398,5619
L26_V250,6522
L26_V039,7155
L26_V299,6181
L26_V177,6082
L26_V021,619
L26_V246,4295
L26_V457,6336
L26_V497,5828
L26_V478,6695
L26_V281,5324
L26_V218,5316
L26_V203,4447
L26_V379,4824
L26_V172,5440
L26_V011,4081
L26_V019,2058
L26_V028,5130
L26_V243,6364
L27_V001,12150
L26_V346,2294
L26_V403,6181
L26_V320,5469
L26_V169,1977
L26_V072,6720
L26_V036,3379
L26_V486,5992
L26_V206,6497
L26_V412,5353
L26_V269,3840
L26_V019,4860
L26_V318,2322
L26_V046,4785
