query_id,rank,video_id,frame_id,score,faiss_index,keyframe_index,timestamp,keyframe_path,keyframe_available,fusion_method,semantic_rank,semantic_score,metadata_rank,metadata_score,metadata_video_rank,metadata_bm25_score,metadata_match_mode,object_rank,object_score,object_mean_confidence,matched_objects
hybrid-object-01,1,L25_V045,15300,0.01639344262295082,44364,170,612.0,Keyframes_L25.zip::keyframes/L25_V045/170.jpg,True,rrf,1,0.344051718711853,,,,,,,,,[]
hybrid-object-01,2,L25_V045,15000,0.016129032258064516,44362,168,600.0,Keyframes_L25.zip::keyframes/L25_V045/168.jpg,True,rrf,2,0.343977689743042,,,,,,,,,[]
hybrid-object-01,3,L25_V045,15150,0.015873015873015872,44363,169,606.0,Keyframes_L25.zip::keyframes/L25_V045/169.jpg,True,rrf,3,0.34395021200180054,,,,,,,,,[]
hybrid-object-01,4,L25_V045,14100,0.015625,44356,162,564.0,Keyframes_L25.zip::keyframes/L25_V045/162.jpg,True,rrf,4,0.3432772755622864,,,,,,,,,[]
hybrid-object-01,5,L25_V045,14550,0.015384615384615385,44359,165,582.0,Keyframes_L25.zip::keyframes/L25_V045/165.jpg,True,rrf,5,0.34317469596862793,,,,,,,,,[]
hybrid-object-01,6,L25_V045,14250,0.015151515151515152,44357,163,570.0,Keyframes_L25.zip::keyframes/L25_V045/163.jpg,True,rrf,6,0.3431103825569153,,,,,,,,,[]
hybrid-object-01,7,L21_V013,2328,0.014925373134328358,2925,23,77.6,Keyframes_L21.zip::keyframes/L21_V013/023.jpg,True,rrf,7,0.3429153859615326,,,,,,,,,[]
hybrid-object-01,8,L25_V045,14700,0.014705882352941176,44360,166,588.0,Keyframes_L25.zip::keyframes/L25_V045/166.jpg,True,rrf,8,0.34289249777793884,,,,,,,,,[]
hybrid-object-01,9,L25_V045,14400,0.014492753623188406,44358,164,576.0,Keyframes_L25.zip::keyframes/L25_V045/164.jpg,True,rrf,9,0.34288185834884644,,,,,,,,,[]
hybrid-object-01,10,L25_V045,14850,0.014285714285714285,44361,167,594.0,Keyframes_L25.zip::keyframes/L25_V045/167.jpg,True,rrf,10,0.3427484333515167,,,,,,,,,[]
hybrid-object-01,11,L25_V057,5849,0.014084507042253521,49668,88,195.195,Keyframes_L25.zip::keyframes/L25_V057/088.jpg,True,rrf,11,0.3409227430820465,,,,,,,,,[]
hybrid-object-01,12,L25_V081,16650,0.013888888888888888,59786,184,666.0,Keyframes_L25.zip::keyframes/L25_V081/184.jpg,True,rrf,12,0.3394690752029419,,,,,,,,,[]
hybrid-object-01,13,L25_V081,16050,0.0136986301369863,59782,180,642.0,Keyframes_L25.zip::keyframes/L25_V081/180.jpg,True,rrf,13,0.33902597427368164,,,,,,,,,[]
hybrid-object-01,14,L25_V021,27899,0.013513513513513514,34376,276,930.93,Keyframes_L25.zip::keyframes/L25_V021/276.jpg,True,rrf,14,0.3390142321586609,,,,,,,,,[]
hybrid-object-01,15,L29_V001,22872,0.013489583333333334,159087,453,914.88,Keyframes_L29.zip::keyframes/L29_V001/453.jpg,True,rrf,240,0.32552123069763184,4,0.457845076918602,2,-11.46529304746113,or,,,,[]
hybrid-object-01,16,L25_V081,17100,0.013333333333333334,59789,187,684.0,Keyframes_L25.zip::keyframes/L25_V081/187.jpg,True,rrf,15,0.3387826085090637,,,,,,,,,[]
hybrid-object-01,17,L25_V081,17700,0.013157894736842105,59793,191,708.0,Keyframes_L25.zip::keyframes/L25_V081/191.jpg,True,rrf,16,0.3387497067451477,,,,,,,,,[]
hybrid-object-01,18,L21_V001,30005,0.013114754098360656,242,243,1000.17,Keyframes_L21.zip::keyframes/L21_V001/243.jpg,True,rrf,,,,,,,,1,0.9392137,0.9396192000000001,"[""person"", ""car""]"
hybrid-object-01,19,L25_V057,20399,0.012987012987012988,49805,225,680.68,Keyframes_L25.zip::keyframes/L25_V057/225.jpg,True,rrf,17,0.33864784240722656,,,,,,,,,[]
hybrid-object-01,20,L22_V012,24237,0.012903225806451613,11237,192,807.933,Keyframes_L22.zip::keyframes/L22_V012/192.jpg,True,rrf,,,,,,,,2,0.9291318,0.93664762,"[""person"", ""car""]"
hybrid-object-01,21,L25_V021,27749,0.01282051282051282,34375,275,925.925,Keyframes_L25.zip::keyframes/L25_V021/275.jpg,True,rrf,18,0.3385936915874481,,,,,,,,,[]
hybrid-object-01,22,L23_V012,6631,0.012698412698412698,17865,60,265.28,Keyframes_L23.zip::keyframes/L23_V012/060.jpg,True,rrf,,,,,,,,3,0.9268242,0.93916595,"[""person"", ""car""]"
hybrid-object-01,23,L25_V069,17250,0.012658227848101266,54711,184,690.0,Keyframes_L25.zip::keyframes/L25_V069/184.jpg,True,rrf,19,0.33852165937423706,,,,,,,,,[]
hybrid-object-01,24,L25_V057,5549,0.0125,49666,86,185.185,Keyframes_L25.zip::keyframes/L25_V057/086.jpg,True,rrf,20,0.3382585346698761,,,,,,,,,[]
hybrid-object-01,25,L22_V011,29019,0.0125,11016,244,967.3,Keyframes_L22.zip::keyframes/L22_V011/244.jpg,True,rrf,,,,,,,,4,0.92560077,0.9324108099999999,"[""person"", ""car""]"
hybrid-object-01,26,L25_V057,20999,0.012345679012345678,49809,229,700.7,Keyframes_L25.zip::keyframes/L25_V057/229.jpg,True,rrf,21,0.33815738558769226,,,,,,,,,[]
hybrid-object-01,27,L23_V016,3917,0.012307692307692308,18174,31,156.68,Keyframes_L23.zip::keyframes/L23_V016/031.jpg,True,rrf,,,,,,,,5,0.9242475,0.94240485,"[""person"", ""car""]"
hybrid-object-01,28,L25_V021,27626,0.012195121951219513,34374,274,921.821,Keyframes_L25.zip::keyframes/L25_V021/274.jpg,True,rrf,22,0.337992399930954,,,,,,,,,[]
hybrid-object-01,29,L21_V013,22944,0.012121212121212121,3090,188,764.8,Keyframes_L21.zip::keyframes/L21_V013/188.jpg,True,rrf,,,,,,,,6,0.91564375,0.936016475,"[""person"", ""car""]"
hybrid-object-01,30,L25_V057,20849,0.012048192771084338,49808,228,695.695,Keyframes_L25.zip::keyframes/L25_V057/228.jpg,True,rrf,23,0.3379632830619812,,,,,,,,,[]
hybrid-object-01,31,L29_V001,22950,0.011996007984031935,159088,454,918.0,Keyframes_L29.zip::keyframes/L29_V001/454.jpg,True,rrf,441,0.32286208868026733,5,0.32362784003748135,2,-11.46529304746113,or,,,,[]
hybrid-object-01,32,L23_V016,6717,0.011940298507462687,18197,54,268.68,Keyframes_L23.zip::keyframes/L23_V016/054.jpg,True,rrf,,,,,,,,7,0.90240693,0.91830024,"[""person"", ""car""]"
hybrid-object-01,33,L25_V081,48600,0.011904761904761904,60033,431,1944.0,Keyframes_L25.zip::keyframes/L25_V081/431.jpg,True,rrf,24,0.33791670203208923,,,,,,,,,[]
hybrid-object-01,34,L25_V081,16950,0.011764705882352941,59788,186,678.0,Keyframes_L25.zip::keyframes/L25_V081/186.jpg,True,rrf,25,0.33780306577682495,,,,,,,,,[]
hybrid-object-01,35,L23_V016,5175,0.011764705882352941,18184,41,207.0,Keyframes_L23.zip::keyframes/L23_V016/041.jpg,True,rrf,,,,,,,,8,0.88843346,0.89051293,"[""person"", ""car""]"
hybrid-object-01,36,L25_V057,20549,0.011627906976744186,49806,226,685.685,Keyframes_L25.zip::keyframes/L25_V057/226.jpg,True,rrf,26,0.3377859592437744,,,,,,,,,[]
hybrid-object-01,37,L23_V012,9703,0.011594202898550725,17894,89,388.12,Keyframes_L23.zip::keyframes/L23_V012/089.jpg,True,rrf,,,,,,,,9,0.884779,0.9105658,"[""person"", ""car""]"
hybrid-object-01,38,L25_V057,20699,0.011494252873563218,49807,227,690.69,Keyframes_L25.zip::keyframes/L25_V057/227.jpg,True,rrf,27,0.33770182728767395,,,,,,,,,[]
hybrid-object-01,39,L22_V016,31500,0.011428571428571429,12543,316,1260.0,Keyframes_L22.zip::keyframes/L22_V016/316.jpg,True,rrf,,,,,,,,10,0.88431317,0.890745735,"[""person"", ""car""]"
hybrid-object-01,40,L30_V025,2725,0.011418012059910523,171383,101,109.0,Keyframes_L30.zip::keyframes/L30_V025/101.jpg,True,rrf,152,0.3288096785545349,37,0.05388830645995982,17,-4.909399981231529,or,,,,[]
hybrid-object-01,41,L25_V081,16200,0.011363636363636364,59783,181,648.0,Keyframes_L25.zip::keyframes/L25_V081/181.jpg,True,rrf,28,0.3375855088233948,,,,,,,,,[]
hybrid-object-01,42,L22_V004,29427,0.011267605633802818,8992,253,980.9,Keyframes_L22.zip::keyframes/L22_V004/253.jpg,True,rrf,,,,,,,,11,0.88258886,0.9157186150000001,"[""person"", ""car""]"
hybrid-object-01,43,L25_V081,15150,0.011235955056179775,59776,174,606.0,Keyframes_L25.zip::keyframes/L25_V081/174.jpg,True,rrf,29,0.33755242824554443,,,,,,,,,[]
hybrid-object-01,44,L25_V081,16800,0.011111111111111112,59787,185,672.0,Keyframes_L25.zip::keyframes/L25_V081/185.jpg,True,rrf,30,0.3374224305152893,,,,,,,,,[]
hybrid-object-01,45,L23_V003,2968,0.011111111111111112,17063,25,118.72,Keyframes_L23.zip::keyframes/L23_V003/025.jpg,True,rrf,,,,,,,,12,0.8809948,0.881991,"[""person"", ""car""]"
hybrid-object-01,46,L25_V081,15300,0.01098901098901099,59777,175,612.0,Keyframes_L25.zip::keyframes/L25_V081/175.jpg,True,rrf,31,0.33740490674972534,,,,,,,,,[]
hybrid-object-01,47,L22_V016,35100,0.010958904109589041,12587,360,1404.0,Keyframes_L22.zip::keyframes/L22_V016/360.jpg,True,rrf,,,,,,,,13,0.8779288,0.89559177,"[""person"", ""car""]"
hybrid-object-01,48,L25_V081,15450,0.010869565217391304,59778,176,618.0,Keyframes_L25.zip::keyframes/L25_V081/176.jpg,True,rrf,32,0.33714982867240906,,,,,,,,,[]
hybrid-object-01,49,L23_V004,5750,0.010810810810810811,17174,67,230.0,Keyframes_L23.zip::keyframes/L23_V004/067.jpg,True,rrf,,,,,,,,14,0.8755723,0.878773825,"[""person"", ""car""]"
hybrid-object-01,50,L25_V057,5699,0.010752688172043012,49667,87,190.19,Keyframes_L25.zip::keyframes/L25_V057/087.jpg,True,rrf,33,0.33709439635276794,,,,,,,,,[]
hybrid-object-01,51,L21_V005,9102,0.010666666666666668,929,75,303.4,Keyframes_L21.zip::keyframes/L21_V005/075.jpg,True,rrf,,,,,,,,15,0.87518954,0.908558545,"[""person"", ""car""]"
hybrid-object-01,52,L30_V023,3972,0.010655737704918034,171190,62,158.88,Keyframes_L30.zip::keyframes/L30_V023/062.jpg,True,rrf,,,1,0.9132209196686745,1,-11.806794390407351,or,,,,[]
hybrid-object-01,53,L25_V081,16500,0.010638297872340425,59785,183,660.0,Keyframes_L25.zip::keyframes/L25_V081/183.jpg,True,rrf,34,0.3370365500450134,,,,,,,,,[]
hybrid-object-01,54,L25_V081,17550,0.010526315789473684,59792,190,702.0,Keyframes_L25.zip::keyframes/L25_V081/190.jpg,True,rrf,35,0.3363841474056244,,,,,,,,,[]
hybrid-object-01,55,L23_V020,2143,0.010526315789473684,18511,18,85.72,Keyframes_L23.zip::keyframes/L23_V020/018.jpg,True,rrf,,,,,,,,16,0.87241584,0.9072732050000001,"[""person"", ""car""]"
hybrid-object-01,56,L30_V023,1239,0.010483870967741936,171146,18,49.56,Keyframes_L30.zip::keyframes/L30_V023/018.jpg,True,rrf,,,2,0.6456014715886488,1,-11.806794390407351,or,,,,[]
hybrid-object-01,57,L25_V021,26849,0.010416666666666666,34367,267,895.895,Keyframes_L25.zip::keyframes/L25_V021/267.jpg,True,rrf,36,0.3362063467502594,,,,,,,,,[]
hybrid-object-01,58,L21_V019,30671,0.01038961038961039,4816,248,1022.37,Keyframes_L21.zip::keyframes/L21_V019/248.jpg,True,rrf,,,,,,,,17,0.8708361,0.881707025,"[""person"", ""car""]"
hybrid-object-01,59,L30_V023,5616,0.010317460317460317,171210,82,224.64,Keyframes_L30.zip::keyframes/L30_V023/082.jpg,True,rrf,,,3,0.526595572500976,1,-11.806794390407351,or,,,,[]
hybrid-object-01,60,L25_V081,17850,0.010309278350515464,59794,192,714.0,Keyframes_L25.zip::keyframes/L25_V081/192.jpg,True,rrf,37,0.3361796438694,,,,,,,,,[]
hybrid-object-01,61,L23_V019,2030,0.010256410256410256,18401,17,81.2,Keyframes_L23.zip::keyframes/L23_V019/017.jpg,True,rrf,,,,,,,,18,0.8699679,0.8884706,"[""person"", ""car""]"
hybrid-object-01,62,L25_V069,16950,0.01020408163265306,54709,182,678.0,Keyframes_L25.zip::keyframes/L25_V069/182.jpg,True,rrf,38,0.33611831068992615,,,,,,,,,[]
hybrid-object-01,63,L28_V018,11873,0.010126582278481013,155945,235,474.92,Keyframes_L28.zip::keyframes/L28_V018/235.jpg,True,rrf,,,,,,,,19,0.86581767,0.916382985,"[""person"", ""car""]"
hybrid-object-01,64,L25_V069,17100,0.010101010101010102,54710,183,684.0,Keyframes_L25.zip::keyframes/L25_V069/183.jpg,True,rrf,39,0.3360980153083801,,,,,,,,,[]
hybrid-object-01,65,L25_V081,17250,0.01,59790,188,690.0,Keyframes_L25.zip::keyframes/L25_V081/188.jpg,True,rrf,40,0.33607327938079834,,,,,,,,,[]
hybrid-object-01,66,L21_V024,3150,0.01,5614,39,126.0,Keyframes_L21.zip::keyframes/L21_V024/039.jpg,True,rrf,,,,,,,,20,0.8603992,0.902180975,"[""person"", ""car""]"
hybrid-object-01,67,L25_V069,17400,0.009900990099009901,54712,185,696.0,Keyframes_L25.zip::keyframes/L25_V069/185.jpg,True,rrf,41,0.33607181906700134,,,,,,,,,[]
hybrid-object-01,68,L23_V004,5875,0.009876543209876543,17175,68,235.0,Keyframes_L23.zip::keyframes/L23_V004/068.jpg,True,rrf,,,,,,,,21,0.8591569,0.86914475,"[""person"", ""car""]"
hybrid-object-01,69,L30_V068,285,0.00984848484848485,175067,4,11.4,Keyframes_L30.zip::keyframes/L30_V068/004.jpg,True,rrf,,,6,0.30407902101675666,3,-10.270044598592204,or,,,,[]
hybrid-object-01,70,L25_V081,17400,0.00980392156862745,59791,189,696.0,Keyframes_L25.zip::keyframes/L25_V081/189.jpg,True,rrf,42,0.3360111117362976,,,,,,,,,[]
hybrid-object-01,71,L23_V004,7375,0.00975609756097561,17191,84,295.0,Keyframes_L23.zip::keyframes/L23_V004/084.jpg,True,rrf,,,,,,,,22,0.85802907,0.8934354849999999,"[""person"", ""car""]"
hybrid-object-01,72,L25_V081,15750,0.009708737864077669,59780,178,630.0,Keyframes_L25.zip::keyframes/L25_V081/178.jpg,True,rrf,43,0.33598560094833374,,,,,,,,,[]
hybrid-object-01,73,L29_V001,12883,0.009701492537313432,158926,292,515.32,Keyframes_L29.zip::keyframes/L29_V001/292.jpg,True,rrf,,,7,0.2634051088877863,2,-11.46529304746113,or,,,,[]
hybrid-object-01,74,L22_V028,28983,0.00963855421686747,16018,227,966.133,Keyframes_L22.zip::keyframes/L22_V028/227.jpg,True,rrf,,,,,,,,23,0.8576987,0.8850505,"[""person"", ""car""]"
hybrid-object-01,75,L25_V021,26754,0.009615384615384616,34366,266,892.725,Keyframes_L25.zip::keyframes/L25_V021/266.jpg,True,rrf,44,0.335845410823822,,,,,,,,,[]
hybrid-object-01,76,L30_V017,437,0.009558823529411765,170568,5,17.48,Keyframes_L30.zip::keyframes/L30_V017/005.jpg,True,rrf,,,8,0.22772089578211308,4,-10.255302954911341,or,,,,[]
hybrid-object-01,77,L25_V081,16350,0.009523809523809525,59784,182,654.0,Keyframes_L25.zip::keyframes/L25_V081/182.jpg,True,rrf,45,0.335821270942688,,,,,,,,,[]
hybrid-object-01,78,L22_V016,33916,0.009523809523809525,12575,348,1356.64,Keyframes_L22.zip::keyframes/L22_V016/348.jpg,True,rrf,,,,,,,,24,0.8559967,0.8838003750000001,"[""person"", ""car""]"
hybrid-object-01,79,L25_V058,9045,0.009433962264150943,50075,97,301.802,Keyframes_L25.zip::keyframes/L25_V058/097.jpg,True,rrf,46,0.33564263582229614,,,,,,,,,[]
hybrid-object-01,80,L30_V068,905,0.009420289855072464,175078,15,36.2,Keyframes_L30.zip::keyframes/L30_V068/015.jpg,True,rrf,,,9,0.2142927325843813,3,-10.270044598592204,or,,,,[]
hybrid-object-01,81,L23_V008,2000,0.009411764705882354,17511,19,80.0,Keyframes_L23.zip::keyframes/L23_V008/019.jpg,True,rrf,,,,,,,,25,0.8526757,0.8594251500000001,"[""person"", ""car""]"
hybrid-object-01,82,L25_V081,15900,0.009345794392523364,59781,179,636.0,Keyframes_L25.zip::keyframes/L25_V081/179.jpg,True,rrf,47,0.33560842275619507,,,,,,,,,[]
hybrid-object-01,83,L28_V018,11832,0.009302325581395349,155944,234,473.28,Keyframes_L28.zip::keyframes/L28_V018/234.jpg,True,rrf,,,,,,,,26,0.851486,0.9123983499999999,"[""person"", ""car""]"
hybrid-object-01,84,L26_V182,384,0.009285714285714286,90462,13,15.36,Keyframes_L26_b.zip::keyframes/L26_V182/013.jpg,True,rrf,,,10,0.18165328651666643,5,-10.107065386756792,or,,,,[]
hybrid-object-01,85,L25_V058,10199,0.009259259259259259,50083,105,340.34,Keyframes_L25.zip::keyframes/L25_V058/105.jpg,True,rrf,48,0.3355817496776581,,,,,,,,,[]
hybrid-object-01,86,L23_V004,2798,0.009195402298850575,17139,32,111.92,Keyframes_L23.zip::keyframes/L23_V004/032.jpg,True,rrf,,,,,,,,27,0.8511552,0.85525613,"[""person"", ""car""]"
hybrid-object-01,87,L25_V081,15600,0.009174311926605505,59779,177,624.0,Keyframes_L25.zip::keyframes/L25_V081/177.jpg,True,rrf,49,0.33553457260131836,,,,,,,,,[]
hybrid-object-01,88,L30_V068,432,0.009154929577464789,175070,7,17.28,Keyframes_L30.zip::keyframes/L30_V068/007.jpg,True,rrf,,,11,0.17484456733728554,3,-10.270044598592204,or,,,,[]
hybrid-object-01,89,L22_V016,33894,0.009090909090909092,12574,347,1355.76,Keyframes_L22.zip::keyframes/L22_V016/347.jpg,True,rrf,,,,,,,,28,0.85115135,0.8574455249999999,"[""person"", ""car""]"
hybrid-object-01,90,L25_V058,10349,0.00909090909090909,50084,106,345.345,Keyframes_L25.zip::keyframes/L25_V058/106.jpg,True,rrf,50,0.3355274796485901,,,,,,,,,[]
hybrid-object-01,91,L30_V017,2130,0.009027777777777779,170601,38,85.2,Keyframes_L30.zip::keyframes/L30_V017/038.jpg,True,rrf,,,12,0.1609000676831807,4,-10.255302954911341,or,,,,[]
hybrid-object-01,92,L25_V081,15000,0.009009009009009009,59775,173,600.0,Keyframes_L25.zip::keyframes/L25_V081/173.jpg,True,rrf,51,0.33547502756118774,,,,,,,,,[]
hybrid-object-01,93,L22_V030,22359,0.008988764044943821,16538,229,894.36,Keyframes_L22.zip::keyframes/L22_V030/229.jpg,True,rrf,,,,,,,,29,0.8504379,0.8704944649999999,"[""person"", ""car""]"
hybrid-object-01,94,L25_V085,18951,0.008928571428571428,61632,180,632.365,Keyframes_L25.zip::keyframes/L25_V085/180.jpg,True,rrf,52,0.3354426324367523,,,,,,,,,[]
hybrid-object-01,95,L26_V438,7808,0.008904109589041096,132789,159,312.32,Keyframes_L26_e.zip::keyframes/L26_V438/159.jpg,True,rrf,,,13,0.15190402790904045,6,-9.448230388457477,or,,,,[]
hybrid-object-01,96,L21_V014,32364,0.008888888888888889,3459,280,1078.83,Keyframes_L21.zip::keyframes/L21_V014/280.jpg,True,rrf,,,,,,,,30,0.84861505,0.866182655,"[""person"", ""car""]"
hybrid-object-01,97,L25_V058,10499,0.008849557522123894,50085,107,350.35,Keyframes_L25.zip::keyframes/L25_V058/107.jpg,True,rrf,53,0.3353174030780792,,,,,,,,,[]
hybrid-object-01,98,L23_V007,3918,0.008791208791208791,17442,35,156.72,Keyframes_L23.zip::keyframes/L23_V007/035.jpg,True,rrf,,,,,,,,31,0.84460706,0.85278968,"[""person"", ""car""]"
hybrid-object-01,99,L30_V017,5374,0.008783783783783784,170669,106,214.96,Keyframes_L30.zip::keyframes/L30_V017/106.jpg,True,rrf,,,14,0.13133552087498485,4,-10.255302954911341,or,,,,[]
hybrid-object-01,100,L25_V058,9449,0.008771929824561403,50078,100,315.315,Keyframes_L25.zip::keyframes/L25_V058/100.jpg,True,rrf,54,0.3352968990802765,,,,,,,,,[]
hybrid-metadata-01,1,L21_V013,23781,0.01996159863461812,3100,198,792.7,Keyframes_L21.zip::keyframes/L21_V013/198.jpg,True,rrf,19,0.36707788705825806,29,0.07083728737556018,13,-19.065156053803165,or,,,,[]
hybrid-metadata-01,2,L22_V014,10359,0.01639344262295082,11729,90,345.3,Keyframes_L22.zip::keyframes/L22_V014/090.jpg,True,rrf,1,0.3993748426437378,,,,,,,,,[]
hybrid-metadata-01,3,L22_V011,16253,0.016129032258064516,10915,143,541.767,Keyframes_L22.zip::keyframes/L22_V011/143.jpg,True,rrf,2,0.3765016794204712,,,,,,,,,[]
hybrid-metadata-01,4,L25_V052,82,0.015873015873015872,47392,3,2.73607,Keyframes_L25.zip::keyframes/L25_V052/003.jpg,True,rrf,3,0.3762686252593994,,,,,,,,,[]
hybrid-metadata-01,5,L25_V052,149,0.015625,47393,4,5.005,Keyframes_L25.zip::keyframes/L25_V052/004.jpg,True,rrf,4,0.37474939227104187,,,,,,,,,[]
hybrid-metadata-01,6,L22_V023,29108,0.015384615384615385,14653,281,1164.36,Keyframes_L22.zip::keyframes/L22_V023/281.jpg,True,rrf,5,0.3743494749069214,,,,,,,,,[]
hybrid-metadata-01,7,L21_V030,19899,0.0152,7431,171,663.333,Keyframes_L21.zip::keyframes/L21_V030/171.jpg,True,rrf,40,0.363790363073349,65,0.03174047557444408,29,-19.065156053803165,or,,,,[]
hybrid-metadata-01,8,L22_V021,19275,0.015151515151515152,13957,179,642.5,Keyframes_L22.zip::keyframes/L22_V021/179.jpg,True,rrf,6,0.3741062879562378,,,,,,,,,[]
hybrid-metadata-01,9,L21_V007,18026,0.014955974842767296,1484,150,600.867,Keyframes_L21.zip::keyframes/L21_V007/150.jpg,True,rrf,99,0.35794997215270996,15,0.13139196378844123,7,-19.065156053803165,or,,,,[]
hybrid-metadata-01,10,L24_V016,14012,0.014925373134328358,21836,157,560.48,Keyframes_L24.zip::keyframes/L24_V016/157.jpg,True,rrf,7,0.37394601106643677,,,,,,,,,[]
hybrid-metadata-01,11,L24_V028,17024,0.014705882352941176,23736,176,567.467,Keyframes_L24.zip::keyframes/L24_V028/176.jpg,True,rrf,8,0.37270814180374146,,,,,,,,,[]
hybrid-metadata-01,12,L24_V022,17631,0.014492753623188406,22715,171,587.733,Keyframes_L24.zip::keyframes/L24_V022/171.jpg,True,rrf,9,0.37217089533805847,,,,,,,,,[]
hybrid-metadata-01,13,L24_V024,16872,0.014285714285714285,23058,168,562.4,Keyframes_L24.zip::keyframes/L24_V024/168.jpg,True,rrf,10,0.3707541227340698,,,,,,,,,[]
hybrid-metadata-01,14,L21_V021,11147,0.014126984126984127,4929,96,371.567,Keyframes_L21.zip::keyframes/L21_V021/096.jpg,True,rrf,66,0.3601558208465576,45,0.046000973880290986,20,-19.065156053803165,or,,,,[]
hybrid-metadata-01,15,L22_V019,11915,0.014084507042253521,13316,110,397.167,Keyframes_L22.zip::keyframes/L22_V019/110.jpg,True,rrf,11,0.37046241760253906,,,,,,,,,[]
hybrid-metadata-01,16,L25_V049,149,0.013888888888888888,45912,4,5.005,Keyframes_L25.zip::keyframes/L25_V049/004.jpg,True,rrf,12,0.3698391318321228,,,,,,,,,[]
hybrid-metadata-01,17,L25_V031,149,0.0136986301369863,38294,4,5.005,Keyframes_L25.zip::keyframes/L25_V031/004.jpg,True,rrf,13,0.36974990367889404,,,,,,,,,[]
hybrid-metadata-01,18,L22_V030,15013,0.013513513513513514,16463,154,600.56,Keyframes_L22.zip::keyframes/L22_V030/154.jpg,True,rrf,14,0.3685421347618103,,,,,,,,,[]
hybrid-metadata-01,19,L25_V049,82,0.013333333333333334,45911,3,2.73607,Keyframes_L25.zip::keyframes/L25_V049/003.jpg,True,rrf,15,0.3682067394256592,,,,,,,,,[]
hybrid-metadata-01,20,L21_V003,26611,0.013208458565908115,825,257,1064.44,Keyframes_L21.zip::keyframes/L21_V003/257.jpg,True,rrf,214,0.3532274067401886,8,0.22978835552930832,4,-19.065156053803165,or,,,,[]
hybrid-metadata-01,21,L22_V023,26370,0.013157894736842105,14630,258,1054.8,Keyframes_L22.zip::keyframes/L22_V023/258.jpg,True,rrf,16,0.3679685592651367,,,,,,,,,[]
hybrid-metadata-01,22,L21_V022,11250,0.013117019876266948,5168,92,375.0,Keyframes_L21.zip::keyframes/L21_V022/092.jpg,True,rrf,82,0.35928335785865784,47,0.043805257905097233,21,-19.065156053803165,or,,,,[]
hybrid-metadata-01,23,L25_V067,173,0.012987012987012988,53617,4,5.8058,Keyframes_L25.zip::keyframes/L25_V067/004.jpg,True,rrf,17,0.367215633392334,,,,,,,,,[]
hybrid-metadata-01,24,L21_V025,4290,0.012946456993697078,5912,43,171.6,Keyframes_L21.zip::keyframes/L21_V025/043.jpg,True,rrf,79,0.35966774821281433,53,0.038331602700054646,24,-19.065156053803165,or,,,,[]
hybrid-metadata-01,25,L21_V006,13683,0.012825678216492076,1200,123,456.1,Keyframes_L21.zip::keyframes/L21_V006/123.jpg,True,rrf,195,0.353624165058136,13,0.15320050405959287,6,-19.065156053803165,or,,,,[]
hybrid-metadata-01,26,L25_V016,15387,0.01282051282051282,32344,168,615.48,Keyframes_L25.zip::keyframes/L25_V016/168.jpg,True,rrf,18,0.36711573600769043,,,,,,,,,[]
hybrid-metadata-01,27,L25_V016,2547,0.0125,32258,82,101.88,Keyframes_L25.zip::keyframes/L25_V016/082.jpg,True,rrf,20,0.3668930232524872,,,,,,,,,[]
hybrid-metadata-01,28,L25_V016,8961,0.012345679012345678,32301,125,358.44,Keyframes_L25.zip::keyframes/L25_V016/125.jpg,True,rrf,21,0.36684632301330566,,,,,,,,,[]
hybrid-metadata-01,29,L25_V016,9411,0.012195121951219513,32304,128,376.44,Keyframes_L25.zip::keyframes/L25_V016/128.jpg,True,rrf,22,0.3667271137237549,,,,,,,,,[]
hybrid-metadata-01,30,L21_V015,35055,0.012170594462087025,3748,281,1168.5,Keyframes_L21.zip::keyframes/L21_V015/281.jpg,True,rrf,133,0.3563217520713806,33,0.06130268151561419,15,-19.065156053803165,or,,,,[]
hybrid-metadata-01,31,L21_V012,12882,0.012145295498186473,2786,109,429.433,Keyframes_L21.zip::keyframes/L21_V012/109.jpg,True,rrf,158,0.3553333878517151,26,0.07661805550257364,12,-19.065156053803165,or,,,,[]
hybrid-metadata-01,32,L25_V016,9561,0.012048192771084338,32305,129,382.44,Keyframes_L25.zip::keyframes/L25_V016/129.jpg,True,rrf,23,0.36636337637901306,,,,,,,,,[]
hybrid-metadata-01,33,L25_V016,9111,0.011904761904761904,32302,126,364.44,Keyframes_L25.zip::keyframes/L25_V016/126.jpg,True,rrf,24,0.3663303852081299,,,,,,,,,[]
hybrid-metadata-01,34,L25_V016,9711,0.011764705882352941,32306,130,388.44,Keyframes_L25.zip::keyframes/L25_V016/130.jpg,True,rrf,25,0.36629775166511536,,,,,,,,,[]
hybrid-metadata-01,35,L21_V011,23106,0.011675103112110986,2660,245,924.24,Keyframes_L21.zip::keyframes/L21_V011/245.jpg,True,rrf,194,0.35368144512176514,24,0.08356456119905818,11,-19.065156053803165,or,,,,[]
hybrid-metadata-01,36,L22_V007,22165,0.011627906976744186,9879,218,886.6,Keyframes_L22.zip::keyframes/L22_V007/218.jpg,True,rrf,26,0.36604052782058716,,,,,,,,,[]
hybrid-metadata-01,37,L25_V016,9861,0.011494252873563218,32307,131,394.44,Keyframes_L25.zip::keyframes/L25_V016/131.jpg,True,rrf,27,0.36538898944854736,,,,,,,,,[]
hybrid-metadata-01,38,L21_V030,19305,0.011474016512870326,7426,166,643.533,Keyframes_L21.zip::keyframes/L21_V030/166.jpg,True,rrf,85,0.3589959740638733,82,0.02242929300456246,29,-19.065156053803165,or,,,,[]
hybrid-metadata-01,39,L21_V013,14835,0.011386138613861386,3021,119,494.5,Keyframes_L21.zip::keyframes/L21_V013/119.jpg,True,rrf,142,0.3557703495025635,41,0.050012645346707955,13,-19.065156053803165,or,,,,[]
hybrid-metadata-01,40,L25_V067,82,0.011363636363636364,53616,3,2.73607,Keyframes_L25.zip::keyframes/L25_V067/003.jpg,True,rrf,28,0.36536067724227905,,,,,,,,,[]
hybrid-metadata-01,41,L21_V003,15930,0.01133724659994868,728,160,637.2,Keyframes_L21.zip::keyframes/L21_V003/160.jpg,True,rrf,373,0.34853506088256836,12,0.16238121791678634,4,-19.065156053803165,or,,,,[]
hybrid-metadata-01,42,L25_V016,9261,0.011235955056179775,32303,127,370.44,Keyframes_L25.zip::keyframes/L25_V016/127.jpg,True,rrf,29,0.3651577830314636,,,,,,,,,[]
hybrid-metadata-01,43,L25_V060,4800,0.011111111111111112,50889,87,192.0,Keyframes_L25.zip::keyframes/L25_V060/087.jpg,True,rrf,30,0.3650449514389038,,,,,,,,,[]
hybrid-metadata-01,44,L25_V031,82,0.01098901098901099,38293,3,2.73607,Keyframes_L25.zip::keyframes/L25_V031/003.jpg,True,rrf,31,0.3650350868701935,,,,,,,,,[]
hybrid-metadata-01,45,L25_V040,149,0.010869565217391304,42062,4,5.005,Keyframes_L25.zip::keyframes/L25_V040/004.jpg,True,rrf,32,0.36479422450065613,,,,,,,,,[]
hybrid-metadata-01,46,L21_V008,3984,0.010756373256373257,1581,38,159.36,Keyframes_L21.zip::keyframes/L21_V008/038.jpg,True,rrf,372,0.3485369086265564,17,0.11482088919728994,8,-19.065156053803165,or,,,,[]
hybrid-metadata-01,47,L25_V069,39900,0.010752688172043012,54895,368,1596.0,Keyframes_L25.zip::keyframes/L25_V069/368.jpg,True,rrf,33,0.36434897780418396,,,,,,,,,[]
hybrid-metadata-01,48,L21_V003,11003,0.010684924468194431,687,119,440.12,Keyframes_L21.zip::keyframes/L21_V003/119.jpg,True,rrf,466,0.34660154581069946,14,0.13254882437821025,4,-19.065156053803165,or,,,,[]
hybrid-metadata-01,49,L21_V001,37716,0.010655737704918034,306,307,1257.23,Keyframes_L21.zip::keyframes/L21_V001/307.jpg,True,rrf,,,1,0.9176001325249672,1,-30.109067161602994,and,,,,[]
hybrid-metadata-01,50,L25_V016,25381,0.010638297872340425,32444,268,1015.24,Keyframes_L25.zip::keyframes/L25_V016/268.jpg,True,rrf,34,0.36428070068359375,,,,,,,,,[]
hybrid-metadata-01,51,L21_V023,21162,0.010592932381923208,5476,169,705.433,Keyframes_L21.zip::keyframes/L21_V023/169.jpg,True,rrf,156,0.35537075996398926,49,0.041791879148645836,22,-19.065156053803165,or,,,,[]
hybrid-metadata-01,52,L25_V061,149,0.010526315789473684,51232,4,5.005,Keyframes_L25.zip::keyframes/L25_V061/004.jpg,True,rrf,35,0.3642309308052063,,,,,,,,,[]
hybrid-metadata-01,53,L21_V001,33116,0.010483870967741936,265,266,1103.87,Keyframes_L21.zip::keyframes/L21_V001/266.jpg,True,rrf,,,2,0.6486828724643068,1,-30.109067161602994,and,,,,[]
hybrid-metadata-01,54,L22_V012,24504,0.010416666666666666,11242,197,816.8,Keyframes_L22.zip::keyframes/L22_V012/197.jpg,True,rrf,36,0.36407744884490967,,,,,,,,,[]
hybrid-metadata-01,55,L21_V001,2412,0.010317460317460317,20,21,80.4,Keyframes_L21.zip::keyframes/L21_V001/021.jpg,True,rrf,,,3,0.5291188277374442,1,-30.109067161602994,and,,,,[]
hybrid-metadata-01,56,L25_V016,24481,0.010309278350515464,32438,262,979.24,Keyframes_L25.zip::keyframes/L25_V016/262.jpg,True,rrf,37,0.36393094062805176,,,,,,,,,[]
hybrid-metadata-01,57,L21_V010,4950,0.010263277866423524,2193,46,198.0,Keyframes_L21.zip::keyframes/L21_V010/046.jpg,True,rrf,368,0.34863758087158203,22,0.09185796976089478,10,-19.065156053803165,or,,,,[]
hybrid-metadata-01,58,L25_V016,10011,0.01020408163265306,32308,132,400.44,Keyframes_L25.zip::keyframes/L25_V016/132.jpg,True,rrf,38,0.3638709783554077,,,,,,,,,[]
hybrid-metadata-01,59,L22_V001,8094,0.01015625,7873,74,269.8,Keyframes_L22.zip::keyframes/L22_V001/074.jpg,True,rrf,,,4,0.45881978422403336,2,-29.456517033810123,and,,,,[]
hybrid-metadata-01,60,L21_V027,729,0.010113347664647256,6452,9,24.3333,Keyframes_L21.zip::keyframes/L21_V027/009.jpg,True,rrf,155,0.3554306626319885,59,0.03536264741649995,26,-19.065156053803165,or,,,,[]
hybrid-metadata-01,61,L22_V012,29756,0.010101010101010102,11279,234,991.867,Keyframes_L22.zip::keyframes/L22_V012/234.jpg,True,rrf,39,0.3638239800930023,,,,,,,,,[]
hybrid-metadata-01,62,L22_V001,17895,0.01,7953,154,596.533,Keyframes_L22.zip::keyframes/L22_V001/154.jpg,True,rrf,,,5,0.3244247157706329,2,-29.456517033810123,and,,,,[]
hybrid-metadata-01,63,L25_V016,12700,0.009900990099009901,32326,150,508.0,Keyframes_L25.zip::keyframes/L25_V016/150.jpg,True,rrf,41,0.3637547492980957,,,,,,,,,[]
hybrid-metadata-01,64,L21_V008,4020,0.00987920168067227,1582,39,160.8,Keyframes_L21.zip::keyframes/L21_V008/039.jpg,True,rrf,388,0.348222553730011,25,0.08118715620953781,8,-19.065156053803165,or,,,,[]
hybrid-metadata-01,65,L21_V015,11418,0.009864672364672365,3565,98,380.633,Keyframes_L21.zip::keyframes/L21_V015/098.jpg,True,rrf,200,0.3535446226596832,48,0.043331177412616315,15,-19.065156053803165,or,,,,[]
hybrid-metadata-01,66,L21_V002,8088,0.00984848484848485,380,74,269.6,Keyframes_L21.zip::keyframes/L21_V002/074.jpg,True,rrf,,,6,0.30563175926605857,3,-19.065156053803165,or,,,,[]
hybrid-metadata-01,67,L25_V016,12850,0.00980392156862745,32327,151,514.0,Keyframes_L25.zip::keyframes/L25_V016/151.jpg,True,rrf,42,0.36365318298339844,,,,,,,,,[]
hybrid-metadata-01,68,L25_V085,82,0.009708737864077669,61455,3,2.73607,Keyframes_L25.zip::keyframes/L25_V085/003.jpg,True,rrf,43,0.3634819984436035,,,,,,,,,[]
hybrid-metadata-01,69,L22_V001,3647,0.009701492537313432,7835,36,121.567,Keyframes_L22.zip::keyframes/L22_V001/036.jpg,True,rrf,,,7,0.2648849037112885,2,-29.456517033810123,and,,,,[]
hybrid-metadata-01,70,L25_V016,24781,0.009615384615384616,32440,264,991.24,Keyframes_L25.zip::keyframes/L25_V016/264.jpg,True,rrf,44,0.3632761836051941,,,,,,,,,[]
hybrid-metadata-01,71,L25_V016,10161,0.009523809523809525,32309,133,406.44,Keyframes_L25.zip::keyframes/L25_V016/133.jpg,True,rrf,45,0.3632352948188782,,,,,,,,,[]
hybrid-metadata-01,72,L25_V016,12987,0.009433962264150943,32328,152,519.48,Keyframes_L25.zip::keyframes/L25_V016/152.jpg,True,rrf,46,0.36323052644729614,,,,,,,,,[]
hybrid-metadata-01,73,L21_V002,19115,0.009420289855072464,469,163,637.167,Keyframes_L21.zip::keyframes/L21_V002/163.jpg,True,rrf,,,9,0.2159491985612686,3,-19.065156053803165,or,,,,[]
hybrid-metadata-01,74,L21_V027,20036,0.009352820478320832,6615,172,667.867,Keyframes_L21.zip::keyframes/L21_V027/172.jpg,True,rrf,157,0.3553461730480194,77,0.025004880460881496,26,-19.065156053803165,or,,,,[]
hybrid-metadata-01,75,L25_V016,12550,0.009345794392523364,32325,149,502.0,Keyframes_L25.zip::keyframes/L25_V016/149.jpg,True,rrf,47,0.3632012605667114,,,,,,,,,[]
hybrid-metadata-01,76,L21_V015,21095,0.009325268469400957,3636,169,703.167,Keyframes_L21.zip::keyframes/L21_V015/169.jpg,True,rrf,202,0.35349607467651367,58,0.03537952434160802,15,-19.065156053803165,or,,,,[]
hybrid-metadata-01,77,L21_V005,696,0.009285714285714286,862,8,23.2,Keyframes_L21.zip::keyframes/L21_V005/008.jpg,True,rrf,,,10,0.18351820558309556,5,-19.065156053803165,or,,,,[]
hybrid-metadata-01,78,L25_V016,15537,0.009259259259259259,32345,169,621.48,Keyframes_L25.zip::keyframes/L25_V016/169.jpg,True,rrf,48,0.362772136926651,,,,,,,,,[]
hybrid-metadata-01,79,L21_V008,30291,0.009242424242424243,1827,284,1211.64,Keyframes_L21.zip::keyframes/L21_V008/284.jpg,True,rrf,435,0.347178190946579,30,0.06627961443021146,8,-19.065156053803165,or,,,,[]
hybrid-metadata-01,80,L22_V024,27180,0.009174311926605505,14926,254,1087.2,Keyframes_L22.zip::keyframes/L22_V024/254.jpg,True,rrf,49,0.36249107122421265,,,,,,,,,[]
hybrid-metadata-01,81,L21_V023,21030,0.009170991094881158,5475,168,701.0,Keyframes_L21.zip::keyframes/L21_V023/168.jpg,True,rrf,182,0.35420921444892883,69,0.02954665457841722,22,-19.065156053803165,or,,,,[]
hybrid-metadata-01,82,L21_V002,29102,0.009154929577464789,551,245,970.067,Keyframes_L21.zip::keyframes/L21_V002/245.jpg,True,rrf,,,11,0.17631527253269239,3,-19.065156053803165,or,,,,[]
hybrid-metadata-01,83,L25_V085,173,0.00909090909090909,61456,4,5.8058,Keyframes_L25.zip::keyframes/L25_V085/004.jpg,True,rrf,50,0.3621531128883362,,,,,,,,,[]
hybrid-metadata-01,84,L21_V017,20648,0.009013605442176872,4251,203,825.92,Keyframes_L21.zip::keyframes/L21_V017/203.jpg,True,rrf,360,0.34886324405670166,38,0.05403575914747575,17,-19.065156053803165,or,,,,[]
hybrid-metadata-01,85,L25_V051,2162,0.009009009009009009,46968,84,86.48,Keyframes_L25.zip::keyframes/L25_V051/084.jpg,True,rrf,51,0.3617984354496002,,,,,,,,,[]
hybrid-metadata-01,86,L25_V040,82,0.008928571428571428,42061,3,2.73607,Keyframes_L25.zip::keyframes/L25_V040/003.jpg,True,rrf,52,0.3617755174636841,,,,,,,,,[]
hybrid-metadata-01,87,L25_V016,10896,0.008849557522123894,32314,138,435.84,Keyframes_L25.zip::keyframes/L25_V016/138.jpg,True,rrf,53,0.36173009872436523,,,,,,,,,[]
hybrid-metadata-01,88,L25_V069,8850,0.008771929824561403,54655,128,354.0,Keyframes_L25.zip::keyframes/L25_V069/128.jpg,True,rrf,54,0.36169207096099854,,,,,,,,,[]
hybrid-metadata-01,89,L21_V018,21701,0.008722222222222223,4496,218,868.04,Keyframes_L21.zip::keyframes/L21_V018/218.jpg,True,rrf,390,0.34816157817840576,40,0.05102889984846115,18,-19.065156053803165,or,,,,[]
hybrid-metadata-01,90,L21_V013,14625,0.008702386998476384,3020,118,487.533,Keyframes_L21.zip::keyframes/L21_V013/118.jpg,True,rrf,298,0.35047680139541626,50,0.040805767088116555,13,-19.065156053803165,or,,,,[]
hybrid-metadata-01,91,L22_V020,24020,0.008695652173913044,13660,195,800.667,Keyframes_L22.zip::keyframes/L22_V020/195.jpg,True,rrf,55,0.3615526854991913,,,,,,,,,[]
hybrid-metadata-01,92,L22_V021,21195,0.008620689655172414,13972,194,706.533,Keyframes_L22.zip::keyframes/L22_V021/194.jpg,True,rrf,56,0.36110252141952515,,,,,,,,,[]
hybrid-metadata-01,93,L21_V005,24573,0.008552631578947369,1043,189,819.1,Keyframes_L21.zip::keyframes/L21_V005/189.jpg,True,rrf,,,16,0.12971197917257724,5,-19.065156053803165,or,,,,[]
hybrid-metadata-01,94,L24_V039,15503,0.008547008547008548,25407,146,516.8,Keyframes_L24.zip::keyframes/L24_V039/146.jpg,True,rrf,57,0.3611018657684326,,,,,,,,,[]
hybrid-metadata-01,95,L25_V016,7916,0.00847457627118644,32294,118,316.64,Keyframes_L25.zip::keyframes/L25_V016/118.jpg,True,rrf,58,0.3610772490501404,,,,,,,,,[]
hybrid-metadata-01,96,L25_V024,4859,0.008403361344537815,35494,94,194.36,Keyframes_L25.zip::keyframes/L25_V024/094.jpg,True,rrf,59,0.3610742688179016,,,,,,,,,[]
hybrid-metadata-01,97,L25_V016,10746,0.008333333333333333,32313,137,429.84,Keyframes_L25.zip::keyframes/L25_V016/137.jpg,True,rrf,60,0.36052021384239197,,,,,,,,,[]
hybrid-metadata-01,98,L21_V006,14043,0.008333333333333333,1202,125,468.1,Keyframes_L21.zip::keyframes/L21_V006/125.jpg,True,rrf,,,18,0.10816451693129144,6,-19.065156053803165,or,,,,[]
hybrid-metadata-01,99,L25_V060,4650,0.008264462809917356,50888,86,186.0,Keyframes_L25.zip::keyframes/L25_V060/086.jpg,True,rrf,61,0.36051201820373535,,,,,,,,,[]
hybrid-metadata-01,100,L21_V005,5546,0.008227848101265823,902,48,184.867,Keyframes_L21.zip::keyframes/L21_V005/048.jpg,True,rrf,,,19,0.10584436115281642,5,-19.065156053803165,or,,,,[]
hybrid-semantic-01,1,L21_V010,12330,0.02451844262295082,2266,119,493.2,Keyframes_L21.zip::keyframes/L21_V010/119.jpg,True,rrf,1,0.3123958110809326,20,0.1015610537595219,9,-9.374872913790067,or,,,,[]
hybrid-semantic-01,2,L21_V002,11118,0.024441964285714286,408,102,370.6,Keyframes_L21.zip::keyframes/L21_V002/102.jpg,True,rrf,10,0.3062344193458557,4,0.456639651209116,2,-9.374872913790067,or,,,,[]
hybrid-semantic-01,3,L21_V007,20055,0.022988616631294617,1502,168,668.5,Keyframes_L21.zip::keyframes/L21_V007/168.jpg,True,rrf,11,0.30608075857162476,13,0.15221001642445722,6,-9.374872913790067,or,,,,[]
hybrid-semantic-01,4,L21_V016,13977,0.022614247311827956,3906,127,465.9,Keyframes_L21.zip::keyframes/L21_V016/127.jpg,True,rrf,4,0.30742159485816956,33,0.0608951802055041,15,-9.374872913790067,or,,,,[]
hybrid-semantic-01,5,L21_V011,8369,0.02181571815718157,2507,92,334.76,Keyframes_L21.zip::keyframes/L21_V011/092.jpg,True,rrf,12,0.3060383200645447,22,0.09132547937333585,10,-9.374872913790067,or,,,,[]
hybrid-semantic-01,6,L21_V022,19851,0.021341991341991343,5231,155,661.733,Keyframes_L21.zip::keyframes/L21_V022/155.jpg,True,rrf,6,0.30703097581863403,45,0.04566894359886647,20,-9.374872913790067,or,,,,[]
hybrid-semantic-01,7,L21_V023,25059,0.02056751997832859,5505,198,835.333,Keyframes_L21.zip::keyframes/L21_V023/198.jpg,True,rrf,9,0.3062565326690674,47,0.04348962204087348,21,-9.374872913790067,or,,,,[]
hybrid-semantic-01,8,L21_V010,19230,0.020044591484464903,2334,187,769.2,Keyframes_L21.zip::keyframes/L21_V010/187.jpg,True,rrf,19,0.3035457730293274,28,0.07172759365021364,9,-9.374872913790067,or,,,,[]
hybrid-semantic-01,9,L21_V005,19605,0.019762905162064824,1010,156,653.5,Keyframes_L21.zip::keyframes/L21_V005/156.jpg,True,rrf,38,0.30009517073631287,8,0.22812797501683235,4,-9.374872913790067,or,,,,[]
hybrid-semantic-01,10,L21_V013,3525,0.01960633230596806,2935,33,117.5,Keyframes_L21.zip::keyframes/L21_V013/033.jpg,True,rrf,23,0.30282217264175415,26,0.0760710642983516,12,-9.374872913790067,or,,,,[]
hybrid-semantic-01,11,L21_V018,10820,0.01945316588173731,4393,115,432.8,Keyframes_L21.zip::keyframes/L21_V018/115.jpg,True,rrf,18,0.3044491708278656,38,0.05370918464134721,17,-9.374872913790067,or,,,,[]
hybrid-semantic-01,12,L21_V011,15376,0.018969979296066253,2578,163,615.04,Keyframes_L21.zip::keyframes/L21_V011/163.jpg,True,rrf,24,0.30256032943725586,32,0.0645461238486941,10,-9.374872913790067,or,,,,[]
hybrid-semantic-01,13,L21_V029,12552,0.018885414339959796,7087,117,418.4,Keyframes_L21.zip::keyframes/L21_V029/117.jpg,True,rrf,14,0.305372953414917,61,0.033821171080624615,27,-9.374872913790067,or,,,,[]
hybrid-semantic-01,14,L21_V007,3435,0.018859649122807017,1362,28,114.5,Keyframes_L21.zip::keyframes/L21_V007/028.jpg,True,rrf,35,0.30077674984931946,18,0.10755059891140699,6,-9.374872913790067,or,,,,[]
hybrid-semantic-01,15,L21_V024,2061,0.01815842470351309,5601,26,82.44,Keyframes_L21.zip::keyframes/L21_V024/026.jpg,True,rrf,22,0.30298012495040894,49,0.04149420508606867,22,-9.374872913790067,or,,,,[]
hybrid-semantic-01,16,L21_V017,16050,0.018134469696969698,4208,160,642.0,Keyframes_L21.zip::keyframes/L21_V017/160.jpg,True,rrf,28,0.3017030954360962,36,0.0570445554330945,16,-9.374872913790067,or,,,,[]
hybrid-semantic-01,17,L21_V023,29832,0.01810512322323346,5537,230,994.4,Keyframes_L21.zip::keyframes/L21_V023/230.jpg,True,rrf,17,0.30453068017959595,67,0.030744542596825904,21,-9.374872913790067,or,,,,[]
hybrid-semantic-01,18,L21_V005,10980,0.018036786786786788,948,94,366.0,Keyframes_L21.zip::keyframes/L21_V005/094.jpg,True,rrf,51,0.29866230487823486,12,0.16127917595135813,4,-9.374872913790067,or,,,,[]
hybrid-semantic-01,19,L21_V001,23007,0.017902114516512236,189,190,766.9,Keyframes_L21.zip::keyframes/L21_V001/190.jpg,True,rrf,78,0.29676690697669983,1,0.9120958596467972,1,-9.374872913790067,or,,,,[]
hybrid-semantic-01,20,L21_V013,13086,0.017812142038946162,3010,108,436.233,Keyframes_L21.zip::keyframes/L21_V013/108.jpg,True,rrf,30,0.3014938533306122,37,0.05378058142168719,12,-9.374872913790067,or,,,,[]
hybrid-semantic-01,21,L21_V031,14010,0.0177,7664,150,560.4,Keyframes_L21.zip::keyframes/L21_V031/150.jpg,True,rrf,20,0.3035278916358948,65,0.03148072354238609,29,-9.374872913790067,or,,,,[]
hybrid-semantic-01,22,L21_V007,12542,0.01763524686983227,1444,110,418.067,Keyframes_L21.zip::keyframes/L21_V007/110.jpg,True,rrf,42,0.2994292378425598,23,0.08779848752054727,6,-9.374872913790067,or,,,,[]
hybrid-semantic-01,23,L21_V018,12270,0.01719600725952813,4411,133,490.8,Keyframes_L21.zip::keyframes/L21_V018/133.jpg,True,rrf,27,0.3020181655883789,54,0.03796548957579648,17,-9.374872913790067,or,,,,[]
hybrid-semantic-01,24,L21_V016,5174,0.01700752950752951,3829,50,172.467,Keyframes_L21.zip::keyframes/L21_V016/050.jpg,True,rrf,31,0.3014477491378784,48,0.04302419346578873,15,-9.374872913790067,or,,,,[]
hybrid-semantic-01,25,L21_V002,17040,0.016944444444444443,454,148,568.0,Keyframes_L21.zip::keyframes/L21_V002/148.jpg,True,rrf,84,0.296542763710022,5,0.3224646792148118,2,-9.374872913790067,or,,,,[]
hybrid-semantic-01,26,L21_V025,9870,0.01655625960061444,5977,108,394.8,Keyframes_L21.zip::keyframes/L21_V025/108.jpg,True,rrf,33,0.3009447157382965,52,0.039679047368142914,23,-9.374872913790067,or,,,,[]
hybrid-semantic-01,27,L21_V005,22539,0.016535721768279908,1030,176,751.333,Keyframes_L21.zip::keyframes/L21_V005/176.jpg,True,rrf,69,0.29770296812057495,14,0.1316665866596983,4,-9.374872913790067,or,,,,[]
hybrid-semantic-01,28,L22_V014,18737,0.016129032258064516,11801,162,624.567,Keyframes_L22.zip::keyframes/L22_V014/162.jpg,True,rrf,2,0.31125420331954956,,,,,,,,,[]
hybrid-semantic-01,29,L21_V001,15771,0.01597837646224743,132,133,525.7,Keyframes_L21.zip::keyframes/L21_V001/133.jpg,True,rrf,122,0.29432910680770874,2,0.6447336969537678,1,-9.374872913790067,or,,,,[]
hybrid-semantic-01,30,L22_V016,35520,0.015873015873015872,12591,364,1420.8,Keyframes_L22.zip::keyframes/L22_V016/364.jpg,True,rrf,3,0.3078754246234894,,,,,,,,,[]
hybrid-semantic-01,31,L21_V002,20984,0.015725588922855603,484,178,699.467,Keyframes_L21.zip::keyframes/L21_V002/178.jpg,True,rrf,106,0.29513561725616455,7,0.26324053417565196,2,-9.374872913790067,or,,,,[]
hybrid-semantic-01,32,L21_V022,10743,0.015658602150537635,5165,89,358.133,Keyframes_L21.zip::keyframes/L21_V022/089.jpg,True,rrf,36,0.30051666498184204,64,0.03226402998642006,20,-9.374872913790067,or,,,,[]
hybrid-semantic-01,33,L21_V023,10113,0.015648976982097187,5387,80,337.133,Keyframes_L21.zip::keyframes/L21_V023/080.jpg,True,rrf,32,0.30104461312294006,76,0.02509083366396201,21,-9.374872913790067,or,,,,[]
hybrid-semantic-01,34,L21_V018,8760,0.015468008509245623,4373,95,350.4,Keyframes_L21.zip::keyframes/L21_V018/095.jpg,True,rrf,37,0.3001990020275116,66,0.030990969424647373,17,-9.374872913790067,or,,,,[]
hybrid-semantic-01,35,L21_V010,4680,0.015389113810166444,2191,44,187.2,Keyframes_L21.zip::keyframes/L21_V010/044.jpg,True,rrf,57,0.2983919382095337,35,0.05852400764134262,9,-9.374872913790067,or,,,,[]
hybrid-semantic-01,36,L22_V014,18917,0.015384615384615385,11802,163,630.567,Keyframes_L22.zip::keyframes/L22_V014/163.jpg,True,rrf,5,0.30722877383232117,,,,,,,,,[]
hybrid-semantic-01,37,L21_V001,28634,0.015317460317460316,232,233,954.467,Keyframes_L21.zip::keyframes/L21_V001/233.jpg,True,rrf,140,0.2937489151954651,3,0.5263809874487053,1,-9.374872913790067,or,,,,[]
hybrid-semantic-01,38,L21_V016,31203,0.015217212440348855,4046,267,1040.13,Keyframes_L21.zip::keyframes/L21_V016/267.jpg,True,rrf,43,0.29940664768218994,58,0.03511928660803213,15,-9.374872913790067,or,,,,[]
hybrid-semantic-01,39,L21_V024,28650,0.01503875968992248,5856,281,1146.0,Keyframes_L21.zip::keyframes/L21_V024/281.jpg,True,rrf,40,0.29981061816215515,69,0.029328099940227406,22,-9.374872913790067,or,,,,[]
hybrid-semantic-01,40,L21_V026,34017,0.014926524315986036,6441,286,1133.93,Keyframes_L21.zip::keyframes/L21_V026/286.jpg,True,rrf,49,0.29890698194503784,53,0.038015140530963734,24,-9.374872913790067,or,,,,[]
hybrid-semantic-01,41,L22_V014,18527,0.014925373134328358,11800,161,617.567,Keyframes_L22.zip::keyframes/L22_V014/161.jpg,True,rrf,7,0.3067326545715332,,,,,,,,,[]
hybrid-semantic-01,42,L21_V011,13710,0.0148989898989899,2560,145,548.4,Keyframes_L21.zip::keyframes/L21_V011/145.jpg,True,rrf,60,0.2982853651046753,39,0.05267083732191417,10,-9.374872913790067,or,,,,[]
hybrid-semantic-01,43,L21_V030,20385,0.014718515109679399,7434,174,679.5,Keyframes_L21.zip::keyframes/L21_V030/174.jpg,True,rrf,46,0.29926347732543945,63,0.0325859977996775,28,-9.374872913790067,or,,,,[]
hybrid-semantic-01,44,L22_V005,20193,0.014705882352941176,9243,172,673.1,Keyframes_L22.zip::keyframes/L22_V005/172.jpg,True,rrf,8,0.3064483404159546,,,,,,,,,[]
hybrid-semantic-01,45,L21_V003,2370,0.014656177156177157,594,26,94.8,Keyframes_L21.zip::keyframes/L21_V003/026.jpg,True,rrf,148,0.29325181245803833,6,0.30388549218575156,3,-9.374872913790067,or,,,,[]
hybrid-semantic-01,46,L21_V009,15930,0.014539119417168199,2016,156,637.2,Keyframes_L21.zip::keyframes/L21_V009/156.jpg,True,rrf,104,0.29517799615859985,17,0.11398715618997812,8,-9.374872913790067,or,,,,[]
hybrid-semantic-01,47,L21_V031,20679,0.014478454887742295,7734,220,827.16,Keyframes_L21.zip::keyframes/L21_V031/220.jpg,True,rrf,41,0.2994338274002075,82,0.02224775499214294,29,-9.374872913790067,or,,,,[]
hybrid-semantic-01,48,L21_V015,16242,0.014442127215849844,3599,132,541.433,Keyframes_L21.zip::keyframes/L21_V015/132.jpg,True,rrf,77,0.2968331575393677,31,0.0651502963155508,14,-9.374872913790067,or,,,,[]
hybrid-semantic-01,49,L21_V008,13553,0.01431638418079096,1669,126,542.12,Keyframes_L21.zip::keyframes/L21_V008/126.jpg,True,rrf,117,0.2947279214859009,15,0.1302629985979625,7,-9.374872913790067,or,,,,[]
hybrid-semantic-01,50,L21_V017,9690,0.013985937156668866,4146,98,387.6,Keyframes_L21.zip::keyframes/L21_V017/098.jpg,True,rrf,63,0.29799455404281616,51,0.040316104986141944,16,-9.374872913790067,or,,,,[]
hybrid-semantic-01,51,L21_V030,12363,0.013733766233766233,7372,112,412.1,Keyframes_L21.zip::keyframes/L21_V030/112.jpg,True,rrf,50,0.2988761067390442,80,0.023040557098730555,28,-9.374872913790067,or,,,,[]
hybrid-semantic-01,52,L21_V028,11918,0.013726647683866937,6837,102,397.267,Keyframes_L21.zip::keyframes/L21_V028/102.jpg,True,rrf,61,0.29821810126304626,59,0.035087587168583505,26,-9.374872913790067,or,,,,[]
hybrid-semantic-01,53,L22_V010,20936,0.0136986301369863,10709,222,837.44,Keyframes_L22.zip::keyframes/L22_V010/222.jpg,True,rrf,13,0.30573761463165283,,,,,,,,,[]
hybrid-semantic-01,54,L21_V019,18851,0.013694244604316548,4726,158,628.367,Keyframes_L21.zip::keyframes/L21_V019/158.jpg,True,rrf,79,0.2967525124549866,40,0.05067189244760407,18,-9.374872913790067,or,,,,[]
hybrid-semantic-01,55,L21_V025,12750,0.013365193405606518,6002,133,510.0,Keyframes_L21.zip::keyframes/L21_V025/133.jpg,True,rrf,59,0.2982965111732483,71,0.02804714660453342,23,-9.374872913790067,or,,,,[]
hybrid-semantic-01,56,L21_V026,21147,0.013361794316299223,6334,179,704.9,Keyframes_L21.zip::keyframes/L21_V026/179.jpg,True,rrf,58,0.2983032166957855,73,0.02687854008167282,24,-9.374872913790067,or,,,,[]
hybrid-semantic-01,57,L22_V025,15068,0.013333333333333334,15107,138,502.267,Keyframes_L22.zip::keyframes/L22_V025/138.jpg,True,rrf,15,0.3051680028438568,,,,,,,,,[]
hybrid-semantic-01,58,L21_V030,8643,0.01332046332046332,7342,82,288.1,Keyframes_L21.zip::keyframes/L21_V030/082.jpg,True,rrf,52,0.2985948324203491,88,0.018811811121445983,28,-9.374872913790067,or,,,,[]
hybrid-semantic-01,59,L22_V004,16007,0.013157894736842105,8885,146,533.567,Keyframes_L22.zip::keyframes/L22_V004/146.jpg,True,rrf,16,0.3049958348274231,,,,,,,,,[]
hybrid-semantic-01,60,L21_V007,22281,0.013114754098360656,1517,183,742.7,Keyframes_L21.zip::keyframes/L21_V007/183.jpg,True,rrf,,,,,,,,1,0.9140997,0.9140997,"[""television""]"
hybrid-semantic-01,61,L21_V014,20589,0.012921348314606743,3364,185,686.3,Keyframes_L21.zip::keyframes/L21_V014/185.jpg,True,rrf,118,0.2945314943790436,29,0.0701397261940516,13,-9.374872913790067,or,,,,[]
hybrid-semantic-01,62,L21_V015,12357,0.012916666666666667,3574,107,411.933,Keyframes_L21.zip::keyframes/L21_V015/107.jpg,True,rrf,90,0.29616737365722656,44,0.04606401273736667,14,-9.374872913790067,or,,,,[]
hybrid-semantic-01,63,L21_V022,12788,0.012915262397688974,5181,105,426.267,Keyframes_L21.zip::keyframes/L21_V022/105.jpg,True,rrf,64,0.29799073934555054,74,0.026334355736903438,20,-9.374872913790067,or,,,,[]
hybrid-semantic-01,64,L21_V007,16730,0.012903225806451613,1476,142,557.667,Keyframes_L21.zip::keyframes/L21_V007/142.jpg,True,rrf,,,,,,,,2,0.9132255,0.9132255,"[""television""]"
hybrid-semantic-01,65,L21_V003,15660,0.012880497467529211,726,158,626.4,Keyframes_L21.zip::keyframes/L21_V003/158.jpg,True,rrf,229,0.2904270887374878,9,0.21479626800801568,3,-9.374872913790067,or,,,,[]
hybrid-semantic-01,66,L21_V006,12210,0.012869943676395289,1190,113,407.0,Keyframes_L21.zip::keyframes/L21_V006/113.jpg,True,rrf,219,0.2910445034503937,10,0.1822761133313179,5,-9.374872913790067,or,,,,[]
hybrid-semantic-01,67,L30_V003,2770,0.012698412698412698,169602,38,110.8,Keyframes_L30.zip::keyframes/L30_V003/038.jpg,True,rrf,,,,,,,,3,0.89646035,0.89646035,"[""television""]"
hybrid-semantic-01,68,L21_V007,16611,0.0125,1475,141,553.733,Keyframes_L21.zip::keyframes/L21_V007/141.jpg,True,rrf,,,,,,,,4,0.8940673,0.8940673,"[""television""]"
hybrid-semantic-01,69,L21_V008,23850,0.012391503585098928,1772,229,954.0,Keyframes_L21.zip::keyframes/L21_V008/229.jpg,True,rrf,169,0.2923603355884552,21,0.09207995398351748,7,-9.374872913790067,or,,,,[]
hybrid-semantic-01,70,L22_V006,34758,0.012345679012345678,9628,298,1158.6,Keyframes_L22.zip::keyframes/L22_V006/298.jpg,True,rrf,21,0.30350518226623535,,,,,,,,,[]
hybrid-semantic-01,71,L21_V009,11430,0.012307692307692308,1979,119,457.2,Keyframes_L21.zip::keyframes/L21_V009/119.jpg,True,rrf,,,,,,,,5,0.89176315,0.89176315,"[""television""]"
hybrid-semantic-01,72,L21_V003,20100,0.01226051963957659,769,201,804.0,Keyframes_L21.zip::keyframes/L21_V003/201.jpg,True,rrf,262,0.2895885705947876,11,0.17536024753003746,3,-9.374872913790067,or,,,,[]
hybrid-semantic-01,73,L21_V024,17330,0.012228941920017434,5746,171,693.2,Keyframes_L21.zip::keyframes/L21_V024/171.jpg,True,rrf,73,0.29713064432144165,78,0.023937501942107114,22,-9.374872913790067,or,,,,[]
hybrid-semantic-01,74,L21_V009,20406,0.012121212121212121,2062,202,816.24,Keyframes_L21.zip::keyframes/L21_V009/202.jpg,True,rrf,,,,,,,,6,0.8871376,0.8871376,"[""television""]"
hybrid-semantic-01,75,L22_V001,20538,0.012120378521126761,7980,181,684.6,Keyframes_L22.zip::keyframes/L22_V001/181.jpg,True,rrf,82,0.2965763807296753,68,0.030402401586373647,30,-9.374872913790067,or,,,,[]
hybrid-semantic-01,76,L21_V019,13035,0.012049062049062049,4683,115,434.5,Keyframes_L21.zip::keyframes/L21_V019/115.jpg,True,rrf,94,0.2959534525871277,57,0.03582651501073446,18,-9.374872913790067,or,,,,[]
hybrid-semantic-01,77,L21_V009,15631,0.011976063152533741,2014,154,625.24,Keyframes_L21.zip::keyframes/L21_V009/154.jpg,True,rrf,171,0.29224565625190735,25,0.08056869335448895,8,-9.374872913790067,or,,,,[]
hybrid-semantic-01,78,L21_V028,23595,0.011940298507462687,6917,182,786.5,Keyframes_L21.zip::keyframes/L21_V028/182.jpg,True,rrf,,,,,,,,7,0.87058717,0.87058717,"[""television""]"
hybrid-semantic-01,79,L21_V012,1023,0.011870326643053916,2689,12,34.1333,Keyframes_L21.zip::keyframes/L21_V012/012.jpg,True,rrf,182,0.29193469882011414,24,0.08286289464343678,11,-9.374872913790067,or,,,,[]
hybrid-semantic-01,80,L21_V028,19485,0.011836724129005539,6889,154,649.5,Keyframes_L21.zip::keyframes/L21_V028/154.jpg,True,rrf,81,0.29667365550994873,77,0.024805420297674612,26,-9.374872913790067,or,,,,[]
hybrid-semantic-01,81,L21_V021,8499,0.011777954425013249,4900,67,283.333,Keyframes_L21.zip::keyframes/L21_V021/067.jpg,True,rrf,125,0.2942671477794647,42,0.047988599656443844,19,-9.374872913790067,or,,,,[]
hybrid-semantic-01,82,L22_V018,35043,0.011764705882352941,13156,301,1168.1,Keyframes_L22.zip::keyframes/L22_V018/301.jpg,True,rrf,25,0.30239337682724,,,,,,,,,[]
hybrid-semantic-01,83,L30_V003,2675,0.011764705882352941,169601,37,107.0,Keyframes_L30.zip::keyframes/L30_V003/037.jpg,True,rrf,,,,,,,,8,0.8696488,0.8696488,"[""television""]"
hybrid-semantic-01,84,L21_V006,19329,0.011737344954743548,1243,166,644.3,Keyframes_L21.zip::keyframes/L21_V006/166.jpg,True,rrf,254,0.28971925377845764,16,0.12886524740548655,5,-9.374872913790067,or,,,,[]
hybrid-semantic-01,85,L22_V017,843,0.011627906976744186,12604,10,33.72,Keyframes_L22.zip::keyframes/L22_V017/010.jpg,True,rrf,26,0.3022595942020416,,,,,,,,,[]
hybrid-semantic-01,86,L21_V015,25514,0.011594202898550725,3676,209,850.467,Keyframes_L21.zip::keyframes/L21_V015/209.jpg,True,rrf,,,,,,,,9,0.8696041,0.8696041,"[""television""]"
hybrid-semantic-01,87,L21_V025,26250,0.011428571428571429,6126,257,1050.0,Keyframes_L21.zip::keyframes/L21_V025/257.jpg,True,rrf,,,,,,,,10,0.8668414,0.8668414,"[""television""]"
hybrid-semantic-01,88,L21_V014,12960,0.01131369234484424,3299,120,432.0,Keyframes_L21.zip::keyframes/L21_V014/120.jpg,True,rrf,145,0.29353758692741394,41,0.04958951793732614,13,-9.374872913790067,or,,,,[]
hybrid-semantic-01,89,L21_V026,17526,0.011302211302211302,6303,148,584.233,Keyframes_L21.zip::keyframes/L21_V026/148.jpg,True,rrf,88,0.2964102029800415,83,0.021940543722960722,24,-9.374872913790067,or,,,,[]
hybrid-semantic-01,90,L21_V013,405,0.011267605633802818,2909,7,13.5333,Keyframes_L21.zip::keyframes/L21_V013/007.jpg,True,rrf,,,,,,,,11,0.8590752,0.8590752,"[""television""]"
hybrid-semantic-01,91,L21_V013,5268,0.011260280599903243,2950,48,175.633,Keyframes_L21.zip::keyframes/L21_V013/048.jpg,True,rrf,135,0.2937791645526886,46,0.04386526385053563,12,-9.374872913790067,or,,,,[]
hybrid-semantic-01,92,L22_V025,1095,0.011235955056179775,14981,12,36.5333,Keyframes_L22.zip::keyframes/L22_V025/012.jpg,True,rrf,29,0.3015505373477936,,,,,,,,,[]
hybrid-semantic-01,93,L21_V031,10380,0.011211731175875702,7633,119,415.2,Keyframes_L21.zip::keyframes/L21_V031/119.jpg,True,rrf,86,0.29647624492645264,89,0.018157855707517233,29,-9.374872913790067,or,,,,[]
hybrid-semantic-01,94,L21_V017,11340,0.011175822068833285,4162,114,453.6,Keyframes_L21.zip::keyframes/L21_V017/114.jpg,True,rrf,111,0.2949264943599701,62,0.032904123378465946,16,-9.374872913790067,or,,,,[]
hybrid-semantic-01,95,L21_V029,17388,0.011127871896031562,7120,150,579.6,Keyframes_L21.zip::keyframes/L21_V029/150.jpg,True,rrf,95,0.29584041237831116,79,0.023883973384819374,27,-9.374872913790067,or,,,,[]
hybrid-semantic-01,96,L22_V028,3549,0.011111111111111112,15822,31,118.333,Keyframes_L22.zip::keyframes/L22_V028/031.jpg,True,rrf,,,,,,,,12,0.85901713,0.85901713,"[""television""]"
hybrid-semantic-01,97,L21_V008,18475,0.011004833272409732,1716,173,739.0,Keyframes_L21.zip::keyframes/L21_V008/173.jpg,True,rrf,223,0.29061776399612427,27,0.07516500198920448,7,-9.374872913790067,or,,,,[]
hybrid-semantic-01,98,L22_V024,13469,0.010958904109589041,14813,141,538.8,Keyframes_L22.zip::keyframes/L22_V024/141.jpg,True,rrf,,,,,,,,13,0.8458076,0.8458076,"[""television""]"
hybrid-semantic-01,99,L22_V012,11459,0.010810810810810811,11138,93,381.967,Keyframes_L22.zip::keyframes/L22_V012/093.jpg,True,rrf,,,,,,,,14,0.83877575,0.83877575,"[""television""]"
hybrid-semantic-01,100,L21_V006,3381,0.010805167688894689,1106,29,112.7,Keyframes_L21.zip::keyframes/L21_V006/029.jpg,True,rrf,328,0.28765320777893066,19,0.10518821353179515,5,-9.374872913790067,or,,,,[]
